"id","shortcode","type","is_video","dimension.height","dimension.width","display_url","thumbnail_src","owner.id","owner.username","description","comments","likes","comments_disabled","taken_at_timestamp","location","hashtags","mentions"
"471630820861404374","aLkbuWkeTW","GraphImage",false,612,612,"https://instagram.fmex16-1.fna.fbcdn.net/v/t51.2885-15/e15/11356544_439811546180171_1866857911_n.jpg?_nc_ht=instagram.fmex16-1.fna.fbcdn.net&_nc_cat=111&_nc_ohc=YCKqnEZCCE4AX8CMutO&_nc_tp=18&oh=0f00f11b3e71c5c0057de3e40473e51c&oe=5FB53AA4","https://instagram.fmex16-1.fna.fbcdn.net/v/t51.2885-15/e15/11356544_439811546180171_1866857911_n.jpg?_nc_ht=instagram.fmex16-1.fna.fbcdn.net&_nc_cat=111&_nc_ohc=YCKqnEZCCE4AX8CMutO&_nc_tp=18&oh=0f00f11b3e71c5c0057de3e40473e51c&oe=5FB53AA4","14221144","yosoypyme","Estamos por iniciar la cobertura del #5toForoPyME en el Hotel Camino Real de la Ciudad de M√©xico. ¬°No se la pierdan!",0,8,false,1370442796,,"[""#5toForoPyME""]","[]"
"467482850146510722","Z81SzlkeeC","GraphImage",false,612,612,"https://instagram.fmex16-1.fna.fbcdn.net/v/t51.2885-15/e15/11324196_1586918884897444_328881744_n.jpg?_nc_ht=instagram.fmex16-1.fna.fbcdn.net&_nc_cat=104&_nc_ohc=e5Csc01aQywAX8egpGw&_nc_tp=18&oh=b60de5d7280bf833cfea0b2bac0167fd&oe=5FB241C7","https://instagram.fmex16-1.fna.fbcdn.net/v/t51.2885-15/e15/11324196_1586918884897444_328881744_n.jpg?_nc_ht=instagram.fmex16-1.fna.fbcdn.net&_nc_cat=104&_nc_ohc=e5Csc01aQywAX8egpGw&_nc_tp=18&oh=b60de5d7280bf833cfea0b2bac0167fd&oe=5FB241C7","14221144","yosoypyme","Manuel Sandoval R√≠os de @ProMexicoTw para @BBVABancomer #ebookm√©xico #emtechm√©xico",1,1,false,1369948320,,"[""#ebookm"",""#emtechm""]","[""@ProMexicoTw"",""@BBVABancomer""]"
"467478889104533295","Z80ZKlEecv","GraphImage",false,612,612,"https://instagram.fmex16-1.fna.fbcdn.net/v/t51.2885-15/e15/11311939_1449572405354709_638001694_n.jpg?_nc_ht=instagram.fmex16-1.fna.fbcdn.net&_nc_cat=109&_nc_ohc=8n3Jj85cVi8AX9MysJg&_nc_tp=18&oh=563badfc69e4aa23d1dc7e14a7c1dedc&oe=5FB3E8E8","https://instagram.fmex16-1.fna.fbcdn.net/v/t51.2885-15/e15/11311939_1449572405354709_638001694_n.jpg?_nc_ht=instagram.fmex16-1.fna.fbcdn.net&_nc_cat=109&_nc_ohc=8n3Jj85cVi8AX9MysJg&_nc_tp=18&oh=563badfc69e4aa23d1dc7e14a7c1dedc&oe=5FB3E8E8","14221144","yosoypyme","M√≥nica √Ålvarez de @BBVABancomer para entrevista en #ebookm√©xico #emtechm√©xico",0,1,false,1369947847,,"[""#ebookm"",""#emtechm""]","[""@BBVABancomer""]"
"467356289397286084","Z8YhGtEeTE","GraphImage",false,612,612,"https://instagram.fmex16-1.fna.fbcdn.net/v/t51.2885-15/e15/11326799_1402189053441354_1975518181_n.jpg?_nc_ht=instagram.fmex16-1.fna.fbcdn.net&_nc_cat=106&_nc_ohc=BudpHgoJ3RwAX-mtPf6&_nc_tp=18&oh=1627f40ab48a3969c8d48d8f9f7bd015&oe=5FB362C4","https://instagram.fmex16-1.fna.fbcdn.net/v/t51.2885-15/e15/11326799_1402189053441354_1975518181_n.jpg?_nc_ht=instagram.fmex16-1.fna.fbcdn.net&_nc_cat=106&_nc_ohc=BudpHgoJ3RwAX-mtPf6&_nc_tp=18&oh=1627f40ab48a3969c8d48d8f9f7bd015&oe=5FB362C4","14221144","yosoypyme","@daniel_gomezz de Solben ganador del premio innovador del a√±o. #premiostr35 #emtechm√©xico #ebookm√©xico",0,4,false,1369933232,,"[""#premiostr35"",""#emtechm"",""#ebookm""]","[""@daniel_gomezz""]"
"467350618824107064","Z8XOlkkeQ4","GraphImage",false,612,612,"https://instagram.fmex16-1.fna.fbcdn.net/v/t51.2885-15/e15/11378984_1473395132952555_161260263_n.jpg?_nc_ht=instagram.fmex16-1.fna.fbcdn.net&_nc_cat=103&_nc_ohc=2EGBZuI78s0AX_voMy0&_nc_tp=18&oh=00fe93130ddd7046e12c59795f23ef6a&oe=5FB354AF","https://instagram.fmex16-1.fna.fbcdn.net/v/t51.2885-15/e15/11378984_1473395132952555_161260263_n.jpg?_nc_ht=instagram.fmex16-1.fna.fbcdn.net&_nc_cat=103&_nc_ohc=2EGBZuI78s0AX_voMy0&_nc_tp=18&oh=00fe93130ddd7046e12c59795f23ef6a&oe=5FB354AF","14221144","yosoypyme","Mario Marin, Director Negocio PyMEs en entrevista para @BBVABancomer #emtechm√©xico #ebookm√©xico #PyMEs",0,2,false,1369932556,,"[""#emtechm"",""#ebookm"",""#PyMEs""]","[""@BBVABancomer""]"
"467344484746782635","Z8V1UxEeer","GraphImage",false,612,612,"https://instagram.fmex16-1.fna.fbcdn.net/v/t51.2885-15/e15/11311474_1603251733291858_1354100207_n.jpg?_nc_ht=instagram.fmex16-1.fna.fbcdn.net&_nc_cat=110&_nc_ohc=UBWNZut2O_oAX9JyMQR&_nc_tp=18&oh=9d49151c1b1c086e5383704a5c53d314&oe=5FB5E3C5","https://instagram.fmex16-1.fna.fbcdn.net/v/t51.2885-15/e15/11311474_1603251733291858_1354100207_n.jpg?_nc_ht=instagram.fmex16-1.fna.fbcdn.net&_nc_cat=110&_nc_ohc=UBWNZut2O_oAX9JyMQR&_nc_tp=18&oh=9d49151c1b1c086e5383704a5c53d314&oe=5FB5E3C5","14221144","yosoypyme","Leo Celi de MIT Sana en entrevista para BBVA Bancomer @medialab #emtechm√©xico #ebookm√©xico",0,2,false,1369931825,,"[""#emtechm"",""#ebookm""]","[""@medialab""]"
"467334003223029466","Z8TczFkeba","GraphImage",false,612,612,"https://instagram.fmex16-1.fna.fbcdn.net/v/t51.2885-15/e15/11335069_1584216161867498_336177484_n.jpg?_nc_ht=instagram.fmex16-1.fna.fbcdn.net&_nc_cat=102&_nc_ohc=HJCbWJtpYiQAX_nz_xf&_nc_tp=18&oh=404d79040ef44a59432de8833400bf2a&oe=5FB32F32","https://instagram.fmex16-1.fna.fbcdn.net/v/t51.2885-15/e15/11335069_1584216161867498_336177484_n.jpg?_nc_ht=instagram.fmex16-1.fna.fbcdn.net&_nc_cat=102&_nc_ohc=HJCbWJtpYiQAX_nz_xf&_nc_tp=18&oh=404d79040ef44a59432de8833400bf2a&oe=5FB32F32","14221144","yosoypyme","Jos√© Rodr√≠guez en entrevista para BBVA Bancomer #emtechm√©xico #ebookm√©xico #premiostr35",0,0,false,1369930576,,"[""#emtechm"",""#ebookm"",""#premiostr35""]","[]"
"467329215794112120","Z8SXIckeZ4","GraphImage",false,612,612,"https://instagram.fmex16-1.fna.fbcdn.net/v/t51.2885-15/e15/11374784_1043995425611415_1528093654_n.jpg?_nc_ht=instagram.fmex16-1.fna.fbcdn.net&_nc_cat=103&_nc_ohc=-QN98h9GTtQAX-AI5rW&_nc_tp=18&oh=a50d545e65eb1d31bf2449a67ba23027&oe=5FB4BA94","https://instagram.fmex16-1.fna.fbcdn.net/v/t51.2885-15/e15/11374784_1043995425611415_1528093654_n.jpg?_nc_ht=instagram.fmex16-1.fna.fbcdn.net&_nc_cat=103&_nc_ohc=-QN98h9GTtQAX-AI5rW&_nc_tp=18&oh=a50d545e65eb1d31bf2449a67ba23027&oe=5FB4BA94","14221144","yosoypyme","Enrique Lomnitz de @islaurbana @ashoka_mx para entrevista de BBVA Bancomer #ebookM√©xico #emtechm√©xico #premiostr35",0,2,false,1369930005,,"[""#ebookM"",""#emtechm"",""#premiostr35""]","[""@islaurbana"",""@ashoka_mx""]"
"467324305740523027","Z8RPrmkeYT","GraphImage",false,612,612,"https://instagram.fmex16-1.fna.fbcdn.net/v/t51.2885-15/e15/11349242_450280588480005_836723351_n.jpg?_nc_ht=instagram.fmex16-1.fna.fbcdn.net&_nc_cat=109&_nc_ohc=eHsApRQWPoIAX8O-Pm7&_nc_tp=18&oh=1e9a4a9a75a3c53bf9894deb6e13bdbb&oe=5FB42B9F","https://instagram.fmex16-1.fna.fbcdn.net/v/t51.2885-15/e15/11349242_450280588480005_836723351_n.jpg?_nc_ht=instagram.fmex16-1.fna.fbcdn.net&_nc_cat=109&_nc_ohc=eHsApRQWPoIAX8O-Pm7&_nc_tp=18&oh=1e9a4a9a75a3c53bf9894deb6e13bdbb&oe=5FB42B9F","14221144","yosoypyme","En entrevista con @andresmh para BBVA Bancomer #PremiosTR35 #emtechm√©xico",0,1,false,1369929420,,"[""#PremiosTR35"",""#emtechm""]","[""@andresmh""]"
"467312043868939567","Z8OdP2EeUv","GraphImage",false,612,612,"https://instagram.fmex16-1.fna.fbcdn.net/v/t51.2885-15/e15/11325156_1604977809743891_819412058_n.jpg?_nc_ht=instagram.fmex16-1.fna.fbcdn.net&_nc_cat=111&_nc_ohc=06FUNLRkNMsAX9SypHx&_nc_tp=18&oh=b943728a7a65e515bee900ba9e0e424e&oe=5FB3CF89","https://instagram.fmex16-1.fna.fbcdn.net/v/t51.2885-15/e15/11325156_1604977809743891_819412058_n.jpg?_nc_ht=instagram.fmex16-1.fna.fbcdn.net&_nc_cat=111&_nc_ohc=06FUNLRkNMsAX9SypHx&_nc_tp=18&oh=b943728a7a65e515bee900ba9e0e424e&oe=5FB3CF89","14221144","yosoypyme","Andr√©s Monroy @andresmh ganador del premio al innovador solidario del a√±o. #premiostr35 #emtechm√©xico",0,3,false,1369927958,,"[""#premiostr35"",""#emtechm""]","[""@andresmh""]"
"467311573704238375","Z8OWZ-EeUn","GraphImage",false,612,612,"https://instagram.fmex16-1.fna.fbcdn.net/v/t51.2885-15/e15/11376191_1127158170644295_1155475123_n.jpg?_nc_ht=instagram.fmex16-1.fna.fbcdn.net&_nc_cat=103&_nc_ohc=lvuylKVmDG4AX8_3tXq&_nc_tp=18&oh=f7c4f020aea20742df765cb4caa6e69a&oe=5FB53DBA","https://instagram.fmex16-1.fna.fbcdn.net/v/t51.2885-15/e15/11376191_1127158170644295_1155475123_n.jpg?_nc_ht=instagram.fmex16-1.fna.fbcdn.net&_nc_cat=103&_nc_ohc=lvuylKVmDG4AX8_3tXq&_nc_tp=18&oh=f7c4f020aea20742df765cb4caa6e69a&oe=5FB53DBA","14221144","yosoypyme","@daniel_gomezz de Solben, ganador del premio al #innovador del a√±o. ¬°Muchas felicidades! #premiostr35 #emtechm√©xico",0,2,false,1369927902,,"[""#innovador"",""#premiostr35"",""#emtechm""]","[""@daniel_gomezz""]"
"467311247395775778","Z8ORqEkeUi","GraphImage",false,612,612,"https://instagram.fmex16-1.fna.fbcdn.net/v/t51.2885-15/e15/11265052_1109421592405648_412071877_n.jpg?_nc_ht=instagram.fmex16-1.fna.fbcdn.net&_nc_cat=104&_nc_ohc=QiOP-pgebYMAX8G41SS&_nc_tp=18&oh=002e43ff52a3cc53e515148009432456&oe=5FB35E4A","https://instagram.fmex16-1.fna.fbcdn.net/v/t51.2885-15/e15/11265052_1109421592405648_412071877_n.jpg?_nc_ht=instagram.fmex16-1.fna.fbcdn.net&_nc_cat=104&_nc_ohc=QiOP-pgebYMAX8G41SS&_nc_tp=18&oh=002e43ff52a3cc53e515148009432456&oe=5FB35E4A","14221144","yosoypyme","Ganadores de los #PremiosTR35 ¬°Muchas felicidades! #emtechm√©xico",0,3,false,1369927863,,"[""#PremiosTR35"",""#emtechm""]","[]"
"467299261912048736","Z8LjPuEeRg","GraphImage",false,612,612,"https://instagram.fmex16-1.fna.fbcdn.net/v/t51.2885-15/e15/11273006_371532839719214_58515429_n.jpg?_nc_ht=instagram.fmex16-1.fna.fbcdn.net&_nc_cat=102&_nc_ohc=YrmF3hIH3-oAX9C0fbk&_nc_tp=18&oh=cd1e0d380898246ab9e3b773433972b4&oe=5FB5E2D1","https://instagram.fmex16-1.fna.fbcdn.net/v/t51.2885-15/e15/11273006_371532839719214_58515429_n.jpg?_nc_ht=instagram.fmex16-1.fna.fbcdn.net&_nc_cat=102&_nc_ohc=YrmF3hIH3-oAX9C0fbk&_nc_tp=18&oh=cd1e0d380898246ab9e3b773433972b4&oe=5FB5E2D1","14221144","yosoypyme","Eduardo B√°rzana, Secretario General de la @UNAM_mx #PremiosTR35 #EmTechM√©xico",0,1,false,1369926434,,"[""#PremiosTR35"",""#EmTechM""]","[""@UNAM_mx""]"
"467293981719521278","Z8KWaKEef-","GraphImage",false,612,612,"https://instagram.fmex16-1.fna.fbcdn.net/v/t51.2885-15/e15/11272101_1771252483101298_1926800077_n.jpg?_nc_ht=instagram.fmex16-1.fna.fbcdn.net&_nc_cat=110&_nc_ohc=hk9ksehmeZ0AX9UW-Rf&_nc_tp=18&oh=481780020bc57ab8083774837bd51fbe&oe=5FB59096","https://instagram.fmex16-1.fna.fbcdn.net/v/t51.2885-15/e15/11272101_1771252483101298_1926800077_n.jpg?_nc_ht=instagram.fmex16-1.fna.fbcdn.net&_nc_cat=110&_nc_ohc=hk9ksehmeZ0AX9UW-Rf&_nc_tp=18&oh=481780020bc57ab8083774837bd51fbe&oe=5FB59096","14221144","yosoypyme","Sube al podio Sergio Salvador, responsable de Innovaci√≥n y Operaciones de @BBVABancomer #EmTechM√©xico #premiostr35",0,2,false,1369925805,,"[""#EmTechM"",""#premiostr35""]","[""@BBVABancomer""]"
"467284371033941804","Z8IKjgkecs","GraphImage",false,612,612,"https://instagram.fmex16-1.fna.fbcdn.net/v/t51.2885-15/e15/11273219_948629021836477_144151472_n.jpg?_nc_ht=instagram.fmex16-1.fna.fbcdn.net&_nc_cat=101&_nc_ohc=DBhSn8VQ1ZYAX9bkDB6&_nc_tp=18&oh=ac57d97a2b739aecd44e97a89ffb4311&oe=5FB4ABC0","https://instagram.fmex16-1.fna.fbcdn.net/v/t51.2885-15/e15/11273219_948629021836477_144151472_n.jpg?_nc_ht=instagram.fmex16-1.fna.fbcdn.net&_nc_cat=101&_nc_ohc=DBhSn8VQ1ZYAX9bkDB6&_nc_tp=18&oh=ac57d97a2b739aecd44e97a89ffb4311&oe=5FB4ABC0","14221144","yosoypyme","Damos comienzo a la ceremonia de premiaci√≥n. #emtechm√©xico #premiostr35 @BBVABancomer",0,0,false,1369924659,,"[""#emtechm"",""#premiostr35""]","[""@BBVABancomer""]"
"467279665494615746","Z8HGFIkebC","GraphImage",false,612,612,"https://instagram.fmex16-1.fna.fbcdn.net/v/t51.2885-15/e15/11348189_460288347464839_1097254774_n.jpg?_nc_ht=instagram.fmex16-1.fna.fbcdn.net&_nc_cat=107&_nc_ohc=4RI5o08WIAIAX_XVLCO&_nc_tp=18&oh=95e9c19ce2ab7db29bcc8ac10a7acba1&oe=5FB2354D","https://instagram.fmex16-1.fna.fbcdn.net/v/t51.2885-15/e15/11348189_460288347464839_1097254774_n.jpg?_nc_ht=instagram.fmex16-1.fna.fbcdn.net&_nc_cat=107&_nc_ohc=4RI5o08WIAIAX_XVLCO&_nc_tp=18&oh=95e9c19ce2ab7db29bcc8ac10a7acba1&oe=5FB2354D","14221144","yosoypyme","Ganadores #PremiosTR35 y equipo @BBVABancomer #BBVAMexico #BBVAEspana @mmarindIs",0,1,false,1369924098,,"[""#PremiosTR35"",""#BBVAMexico"",""#BBVAEspana""]","[""@BBVABancomer"",""@mmarindIs""]"
"467265755555161534","Z8D7qfkeW-","GraphImage",false,612,612,"https://instagram.fmex16-1.fna.fbcdn.net/v/t51.2885-15/e15/11282264_1442194096082663_1727200437_n.jpg?_nc_ht=instagram.fmex16-1.fna.fbcdn.net&_nc_cat=111&_nc_ohc=-ewB_qmaiOsAX_cWWL_&_nc_tp=18&oh=a0f166ead30082fc8ecb29acd46c2272&oe=5FB38695","https://instagram.fmex16-1.fna.fbcdn.net/v/t51.2885-15/e15/11282264_1442194096082663_1727200437_n.jpg?_nc_ht=instagram.fmex16-1.fna.fbcdn.net&_nc_cat=111&_nc_ohc=-ewB_qmaiOsAX_cWWL_&_nc_tp=18&oh=a0f166ead30082fc8ecb29acd46c2272&oe=5FB38695","14221144","yosoypyme","¬°Ya estamos listos para recibirlos en el cierre del evento #EmTechM√©xico!",0,3,false,1369922440,,"[""#EmTechM""]","[]"
"466844759119488559","Z6kNXAkeYv","GraphImage",false,612,612,"https://instagram.fmex16-1.fna.fbcdn.net/v/t51.2885-15/e15/11378395_1108626495820600_840967618_n.jpg?_nc_ht=instagram.fmex16-1.fna.fbcdn.net&_nc_cat=104&_nc_ohc=FUUbUlYSvXQAX_XoCvu&_nc_tp=18&oh=9ce59def91cf0e67b997c22efcc827c7&oe=5FB60FCE","https://instagram.fmex16-1.fna.fbcdn.net/v/t51.2885-15/e15/11378395_1108626495820600_840967618_n.jpg?_nc_ht=instagram.fmex16-1.fna.fbcdn.net&_nc_cat=104&_nc_ohc=FUUbUlYSvXQAX_XoCvu&_nc_tp=18&oh=9ce59def91cf0e67b997c22efcc827c7&oe=5FB60FCE","14221144","yosoypyme","Entrevista a @jorgecamilstarr de @enova para BBVA Bancomer #ebookm√©xico #emtechm√©xico @ashoka_mx",0,4,false,1369872253,,"[""#ebookm"",""#emtechm""]","[""@jorgecamilstarr"",""@enova"",""@ashoka_mx""]"
"466802598478997223","Z6an12kebn","GraphImage",false,612,612,"https://instagram.fmex16-1.fna.fbcdn.net/v/t51.2885-15/e15/11356925_387204188135107_2095508770_n.jpg?_nc_ht=instagram.fmex16-1.fna.fbcdn.net&_nc_cat=107&_nc_ohc=FPH9neN-bCoAX-KpGgM&_nc_tp=18&oh=d212ea512a017bb1f812d974c0ba1a77&oe=5FB30DEA","https://instagram.fmex16-1.fna.fbcdn.net/v/t51.2885-15/e15/11356925_387204188135107_2095508770_n.jpg?_nc_ht=instagram.fmex16-1.fna.fbcdn.net&_nc_cat=107&_nc_ohc=FPH9neN-bCoAX-KpGgM&_nc_tp=18&oh=d212ea512a017bb1f812d974c0ba1a77&oe=5FB30DEA","14221144","yosoypyme","@JHockenberry en entrevista para BBVA Bancomer. #ebookm√©xico #emtechm√©xico",0,2,false,1369867227,,"[""#ebookm"",""#emtechm""]","[""@JHockenberry""]"
"466790637380953610","Z6X5yNkeYK","GraphImage",false,612,612,"https://instagram.fmex16-1.fna.fbcdn.net/v/t51.2885-15/e15/11269088_1396573514005204_2041191286_n.jpg?_nc_ht=instagram.fmex16-1.fna.fbcdn.net&_nc_cat=104&_nc_ohc=5niu9RAdLXoAX9FhjlX&_nc_tp=18&oh=c89bbe83340b2a73fb6d03aadc1e0a38&oe=5FB5C32E","https://instagram.fmex16-1.fna.fbcdn.net/v/t51.2885-15/e15/11269088_1396573514005204_2041191286_n.jpg?_nc_ht=instagram.fmex16-1.fna.fbcdn.net&_nc_cat=104&_nc_ohc=5niu9RAdLXoAX9FhjlX&_nc_tp=18&oh=c89bbe83340b2a73fb6d03aadc1e0a38&oe=5FB5C32E","14221144","yosoypyme","Carlos Gonz√°lez Uribe de @medialab MIT para BBVA Bancomer #emtechm√©xico #ebookm√©xico",0,2,false,1369865801,,"[""#emtechm"",""#ebookm""]","[""@medialab""]"
"466771904520381557","Z6TpL4EeR1","GraphImage",false,612,612,"https://instagram.fmex16-1.fna.fbcdn.net/v/t51.2885-15/e15/11287856_414739282031441_1668276629_n.jpg?_nc_ht=instagram.fmex16-1.fna.fbcdn.net&_nc_cat=105&_nc_ohc=vxWHALTf_LIAX-_hZ0c&_nc_tp=18&oh=92bdb248e904f644991efef157b0985c&oe=5FB4A982","https://instagram.fmex16-1.fna.fbcdn.net/v/t51.2885-15/e15/11287856_414739282031441_1668276629_n.jpg?_nc_ht=instagram.fmex16-1.fna.fbcdn.net&_nc_cat=105&_nc_ohc=vxWHALTf_LIAX-_hZ0c&_nc_tp=18&oh=92bdb248e904f644991efef157b0985c&oe=5FB4A982","14221144","yosoypyme","@scottehartley para entrevista de BBVA Bancomer. #EBookM√©xico #EmTechM√©xico",0,1,false,1369863568,,"[""#EBookM"",""#EmTechM""]","[""@scottehartley""]"
"466769610621969472","Z6THzhEeRA","GraphImage",false,612,612,"https://instagram.fmex16-1.fna.fbcdn.net/v/t51.2885-15/e15/11349162_1581633322109940_1037080508_n.jpg?_nc_ht=instagram.fmex16-1.fna.fbcdn.net&_nc_cat=100&_nc_ohc=oGnCMobIQHAAX_77A0y&_nc_tp=18&oh=b1db5a740b38bd1114dd3a972c5baadc&oe=5FB2E988","https://instagram.fmex16-1.fna.fbcdn.net/v/t51.2885-15/e15/11349162_1581633322109940_1037080508_n.jpg?_nc_ht=instagram.fmex16-1.fna.fbcdn.net&_nc_cat=100&_nc_ohc=oGnCMobIQHAAX_77A0y&_nc_tp=18&oh=b1db5a740b38bd1114dd3a972c5baadc&oe=5FB2E988","14221144","yosoypyme","En entrevista con @tim_harper para BBVA Bancomer. #ebookm√©xico #emtechm√©xico",0,1,false,1369863295,,"[""#ebookm"",""#emtechm""]","[""@tim_harper""]"
"466765487159764968","Z6SLzPkefo","GraphImage",false,612,612,"https://instagram.fmex16-1.fna.fbcdn.net/v/t51.2885-15/e15/11312172_824265360996769_647818305_n.jpg?_nc_ht=instagram.fmex16-1.fna.fbcdn.net&_nc_cat=101&_nc_ohc=d2G5z5lLhO0AX9DwXCz&_nc_tp=18&oh=1d6a2c46ebc661978b646dbbece82d42&oe=5FB31C37","https://instagram.fmex16-1.fna.fbcdn.net/v/t51.2885-15/e15/11312172_824265360996769_647818305_n.jpg?_nc_ht=instagram.fmex16-1.fna.fbcdn.net&_nc_cat=101&_nc_ohc=d2G5z5lLhO0AX9DwXCz&_nc_tp=18&oh=1d6a2c46ebc661978b646dbbece82d42&oe=5FB31C37","14221144","yosoypyme","En entrevista con @Shaherose de @women2 para BBVA Bancomer. #MujeresEmprendedoras #emtechm√©xico #ebookm√©xico",0,1,false,1369862803,,"[""#MujeresEmprendedoras"",""#emtechm"",""#ebookm""]","[""@Shaherose"",""@women2""]"
"466753163111818950","Z6PYdlEebG","GraphImage",false,612,612,"https://instagram.fmex16-1.fna.fbcdn.net/v/t51.2885-15/e15/11376540_676443955788911_734968031_n.jpg?_nc_ht=instagram.fmex16-1.fna.fbcdn.net&_nc_cat=111&_nc_ohc=Na3ULfoekCoAX_HYQUV&_nc_tp=18&oh=674dd9621c97afa95f9a79d987d31f46&oe=5FB472A4","https://instagram.fmex16-1.fna.fbcdn.net/v/t51.2885-15/e15/11376540_676443955788911_734968031_n.jpg?_nc_ht=instagram.fmex16-1.fna.fbcdn.net&_nc_cat=111&_nc_ohc=Na3ULfoekCoAX_HYQUV&_nc_tp=18&oh=674dd9621c97afa95f9a79d987d31f46&oe=5FB472A4","14221144","yosoypyme","En entrevista con @sumeet_jain para BBVA Bancomer. #ebookm√©xico #emtechm√©xico",0,1,false,1369861334,,"[""#ebookm"",""#emtechm""]","[""@sumeet_jain""]"
"466746432780625427","Z6N2heEeYT","GraphImage",false,612,612,"https://instagram.fmex16-1.fna.fbcdn.net/v/t51.2885-15/e15/11240298_392031100921656_1047855429_n.jpg?_nc_ht=instagram.fmex16-1.fna.fbcdn.net&_nc_cat=100&_nc_ohc=JE5GtsbxlogAX8bcAYG&_nc_tp=18&oh=e5efaa080b11dce0adc7fb3f9c2d0214&oe=5FB5B4B4","https://instagram.fmex16-1.fna.fbcdn.net/v/t51.2885-15/e15/11240298_392031100921656_1047855429_n.jpg?_nc_ht=instagram.fmex16-1.fna.fbcdn.net&_nc_cat=100&_nc_ohc=JE5GtsbxlogAX8bcAYG&_nc_tp=18&oh=e5efaa080b11dce0adc7fb3f9c2d0214&oe=5FB5B4B4","14221144","yosoypyme","Sube al podio el Dr. Mario Molina, premio Nobel de Qu√≠mica 1995. #EmTechM√©xico",0,2,false,1369860532,,"[""#EmTechM""]","[]"
"466638146303550937","Z51Ov1EeXZ","GraphImage",false,612,612,"https://instagram.fmex16-1.fna.fbcdn.net/v/t51.2885-15/e15/11280412_1657101337843611_444595119_n.jpg?_nc_ht=instagram.fmex16-1.fna.fbcdn.net&_nc_cat=103&_nc_ohc=Etq1eg-YQuYAX9k0LlV&_nc_tp=18&oh=bd120ac3331a8911a9467e2a2e6c59b8&oe=5FB59993","https://instagram.fmex16-1.fna.fbcdn.net/v/t51.2885-15/e15/11280412_1657101337843611_444595119_n.jpg?_nc_ht=instagram.fmex16-1.fna.fbcdn.net&_nc_cat=103&_nc_ohc=Etq1eg-YQuYAX9k0LlV&_nc_tp=18&oh=bd120ac3331a8911a9467e2a2e6c59b8&oe=5FB59993","14221144","yosoypyme","#Futbol #Diseno ""Primer bal√≥n sin aire con una c√°mara que filma la acci√≥n desde una perspectiva nueva y diferente."" @ProMexicoTw",0,9,false,1369847623,,"[""#Futbol"",""#Diseno""]","[""@ProMexicoTw""]"
"466632458391119192","Z5z7-jEeVY","GraphImage",false,612,612,"https://instagram.fmex16-1.fna.fbcdn.net/v/t51.2885-15/e15/11326207_581493375324017_1406164822_n.jpg?_nc_ht=instagram.fmex16-1.fna.fbcdn.net&_nc_cat=105&_nc_ohc=8TNqkNlOd7oAX88OFex&_nc_tp=18&oh=fecce707bfd54b71afbd3d867e782dd7&oe=5FB5C0E4","https://instagram.fmex16-1.fna.fbcdn.net/v/t51.2885-15/e15/11326207_581493375324017_1406164822_n.jpg?_nc_ht=instagram.fmex16-1.fna.fbcdn.net&_nc_cat=105&_nc_ohc=8TNqkNlOd7oAX88OFex&_nc_tp=18&oh=fecce707bfd54b71afbd3d867e782dd7&oe=5FB5C0E4","14221144","yosoypyme","¬°Si vienen a registrarse, les tenemos estas incre√≠bles sorpresas! #EmTechM√©xico #EBookM√©xico @BBVABancomer",1,11,false,1369846945,,"[""#EmTechM"",""#EBookM""]","[""@BBVABancomer""]"
"466629331319383319","Z5zOePEeUX","GraphImage",false,612,612,"https://instagram.fmex16-1.fna.fbcdn.net/v/t51.2885-15/e15/11333725_1581075912144453_254878557_n.jpg?_nc_ht=instagram.fmex16-1.fna.fbcdn.net&_nc_cat=109&_nc_ohc=1iMm5bTRKNYAX_uaX4B&_nc_tp=18&oh=d6d2ae40a0237da9eefc89c2690a0c92&oe=5FB31800","https://instagram.fmex16-1.fna.fbcdn.net/v/t51.2885-15/e15/11333725_1581075912144453_254878557_n.jpg?_nc_ht=instagram.fmex16-1.fna.fbcdn.net&_nc_cat=109&_nc_ohc=1iMm5bTRKNYAX_uaX4B&_nc_tp=18&oh=d6d2ae40a0237da9eefc89c2690a0c92&oe=5FB31800","14221144","yosoypyme","¬°Si est√°n en el evento de #EmTechMexico los esperamos en el stand de @BBVABancomer para el registro en redes y que puedan recibir su EBook M√©xico!",0,1,false,1369846572,,"[""#EmTechMexico""]","[""@BBVABancomer""]"
"466598215564781290","Z5sJrbkebq","GraphImage",false,612,612,"https://instagram.fmex16-1.fna.fbcdn.net/v/t51.2885-15/e15/11330821_499694930181190_152139393_n.jpg?_nc_ht=instagram.fmex16-1.fna.fbcdn.net&_nc_cat=110&_nc_ohc=Bw1Cu1pwnHsAX-TWdFH&_nc_tp=18&oh=3234193de9a59394849b16e4648d48ea&oe=5FB34141","https://instagram.fmex16-1.fna.fbcdn.net/v/t51.2885-15/e15/11330821_499694930181190_152139393_n.jpg?_nc_ht=instagram.fmex16-1.fna.fbcdn.net&_nc_cat=110&_nc_ohc=Bw1Cu1pwnHsAX-TWdFH&_nc_tp=18&oh=3234193de9a59394849b16e4648d48ea&oe=5FB34141","14221144","yosoypyme","¬øA√∫n no saben qui√©nes son los ganadores de los #PremiosTR35 2013 M√©xico? ¬°Aqu√≠ la lista!",0,3,false,1369842863,,"[""#PremiosTR35""]","[]"
"466587972420101660","Z5p0nwkeYc","GraphImage",false,612,612,"https://instagram.fmex16-1.fna.fbcdn.net/v/t51.2885-15/e15/11312302_1400939340233488_608877237_n.jpg?_nc_ht=instagram.fmex16-1.fna.fbcdn.net&_nc_cat=104&_nc_ohc=z5sH8B02Q2QAX_vsMCg&_nc_tp=18&oh=f0a268e4a476ae2d0e0a623aaa107ffc&oe=5FB37FB1","https://instagram.fmex16-1.fna.fbcdn.net/v/t51.2885-15/e15/11312302_1400939340233488_608877237_n.jpg?_nc_ht=instagram.fmex16-1.fna.fbcdn.net&_nc_cat=104&_nc_ohc=z5sH8B02Q2QAX_vsMCg&_nc_tp=18&oh=f0a268e4a476ae2d0e0a623aaa107ffc&oe=5FB37FB1","14221144","yosoypyme","Sube al podio @Tim_Harper",0,1,false,1369841642,,"[]","[""@Tim_Harper""]"
"466577069108749653","Z5nV9QkeVV","GraphImage",false,612,612,"https://instagram.fmex16-1.fna.fbcdn.net/v/t51.2885-15/e15/11376491_1634090233492878_1830725861_n.jpg?_nc_ht=instagram.fmex16-1.fna.fbcdn.net&_nc_cat=106&_nc_ohc=sbDJsurALNcAX__o6-U&_nc_tp=18&oh=2527554ef39d6f853aff1e37083854c0&oe=5FB48581","https://instagram.fmex16-1.fna.fbcdn.net/v/t51.2885-15/e15/11376491_1634090233492878_1830725861_n.jpg?_nc_ht=instagram.fmex16-1.fna.fbcdn.net&_nc_cat=106&_nc_ohc=sbDJsurALNcAX__o6-U&_nc_tp=18&oh=2527554ef39d6f853aff1e37083854c0&oe=5FB48581","14221144","yosoypyme","""Tenemos que continuar innovando para tener im√°genes m√°s claras del futuro."" - Retos en tecnolog√≠a de @Pemex #EmTechMexico",0,2,false,1369840342,,"[""#EmTechMexico""]","[""@Pemex""]"
"466569107464119491","Z5liGZkeTD","GraphImage",false,612,612,"https://instagram.fmex16-1.fna.fbcdn.net/v/t51.2885-15/e15/11311195_1163106600382063_727653205_n.jpg?_nc_ht=instagram.fmex16-1.fna.fbcdn.net&_nc_cat=107&_nc_ohc=nczid5vBOtkAX8wa4Ar&_nc_tp=18&oh=45e8fe779e49461987917d09b978460d&oe=5FB2585C","https://instagram.fmex16-1.fna.fbcdn.net/v/t51.2885-15/e15/11311195_1163106600382063_727653205_n.jpg?_nc_ht=instagram.fmex16-1.fna.fbcdn.net&_nc_cat=107&_nc_ohc=nczid5vBOtkAX8wa4Ar&_nc_tp=18&oh=45e8fe779e49461987917d09b978460d&oe=5FB2585C","14221144","yosoypyme","Sube al podio @Jason_Pontin",0,1,false,1369839393,,"[]","[""@Jason_Pontin""]"
"466561554504082496","Z5j0MKEeRA","GraphImage",false,612,612,"https://instagram.fmex16-1.fna.fbcdn.net/v/t51.2885-15/e15/11375327_897181667006760_1150892985_n.jpg?_nc_ht=instagram.fmex16-1.fna.fbcdn.net&_nc_cat=100&_nc_ohc=olanTV-bm0UAX_gN4Dj&_nc_tp=18&oh=534b97024a876645c7fa74370bdb2398&oe=5FB5D7AC","https://instagram.fmex16-1.fna.fbcdn.net/v/t51.2885-15/e15/11375327_897181667006760_1150892985_n.jpg?_nc_ht=instagram.fmex16-1.fna.fbcdn.net&_nc_cat=100&_nc_ohc=olanTV-bm0UAX_gN4Dj&_nc_tp=18&oh=534b97024a876645c7fa74370bdb2398&oe=5FB5D7AC","14221144","yosoypyme","Sube al podio @LVidegaray",0,4,false,1369838493,,"[]","[""@LVidegaray""]"
"466559323360846877","Z5jTuPkeQd","GraphImage",false,612,612,"https://instagram.fmex16-1.fna.fbcdn.net/v/t51.2885-15/e15/11377407_884968238245170_175158513_n.jpg?_nc_ht=instagram.fmex16-1.fna.fbcdn.net&_nc_cat=106&_nc_ohc=fK4EBqwGsm0AX83ZqWx&_nc_tp=18&oh=c5bf57b4a3413904bb97d80050122c45&oe=5FB4421A","https://instagram.fmex16-1.fna.fbcdn.net/v/t51.2885-15/e15/11377407_884968238245170_175158513_n.jpg?_nc_ht=instagram.fmex16-1.fna.fbcdn.net&_nc_cat=106&_nc_ohc=fK4EBqwGsm0AX83ZqWx&_nc_tp=18&oh=c5bf57b4a3413904bb97d80050122c45&oe=5FB4421A","14221144","yosoypyme","Sube al podio Ignacio Deschamps, Director del √Årea Global Retail and Business Banking de @BBVABancomer #EmTechMexico",0,3,false,1369838227,,"[""#EmTechMexico""]","[""@BBVABancomer""]"
"466553349673707453","Z5h8y0Eee9","GraphImage",false,612,612,"https://instagram.fmex16-1.fna.fbcdn.net/v/t51.2885-15/e15/11379064_1442294382738270_1209042710_n.jpg?_nc_ht=instagram.fmex16-1.fna.fbcdn.net&_nc_cat=106&_nc_ohc=_6_i_cyrbD4AX-C-30g&_nc_tp=18&oh=0b4ac5fce992e32693fdfd24d1b9ee0b&oe=5FB2BD0C","https://instagram.fmex16-1.fna.fbcdn.net/v/t51.2885-15/e15/11379064_1442294382738270_1209042710_n.jpg?_nc_ht=instagram.fmex16-1.fna.fbcdn.net&_nc_cat=106&_nc_ohc=_6_i_cyrbD4AX-C-30g&_nc_tp=18&oh=0b4ac5fce992e32693fdfd24d1b9ee0b&oe=5FB2BD0C","14221144","yosoypyme","Sube al podio @ProMexicoTw #EmTechMexico",0,6,false,1369837515,,"[""#EmTechMexico""]","[""@ProMexicoTw""]"
"466543837696878373","Z5fyYGEecl","GraphImage",false,612,612,"https://instagram.fmex16-1.fna.fbcdn.net/v/t51.2885-15/e15/11287887_968922196475600_1298559044_n.jpg?_nc_ht=instagram.fmex16-1.fna.fbcdn.net&_nc_cat=108&_nc_ohc=0DCoYbaDEUAAX8mcKww&_nc_tp=18&oh=5ca11fdf64af9c01849a01accb8d3497&oe=5FB39961","https://instagram.fmex16-1.fna.fbcdn.net/v/t51.2885-15/e15/11287887_968922196475600_1298559044_n.jpg?_nc_ht=instagram.fmex16-1.fna.fbcdn.net&_nc_cat=108&_nc_ohc=0DCoYbaDEUAAX8mcKww&_nc_tp=18&oh=5ca11fdf64af9c01849a01accb8d3497&oe=5FB39961","14221144","yosoypyme","Ya estamos presentes en el evento #EmTechMexico ¬°No se lo pierdan!",0,4,false,1369836381,,"[""#EmTechMexico""]","[]"
"376218461658014722","U4mLKVEeQC","GraphImage",false,612,612,"https://instagram.fmex16-1.fna.fbcdn.net/v/t51.2885-15/e15/11243530_1608449439412556_1059121257_n.jpg?_nc_ht=instagram.fmex16-1.fna.fbcdn.net&_nc_cat=108&_nc_ohc=ZhsWk3_RumoAX8fOfsZ&_nc_tp=18&oh=9f3b3eaf5469a6a48273a0c7923ed4ac&oe=5FB46FA0","https://instagram.fmex16-1.fna.fbcdn.net/v/t51.2885-15/e15/11243530_1608449439412556_1059121257_n.jpg?_nc_ht=instagram.fmex16-1.fna.fbcdn.net&_nc_cat=108&_nc_ohc=ZhsWk3_RumoAX8fOfsZ&_nc_tp=18&oh=9f3b3eaf5469a6a48273a0c7923ed4ac&oe=5FB46FA0","14221144","yosoypyme","¬°Muchas felicidades!
De izquierda a derecha: -Distribuidora Salfer
-Constructora Inmobiliario
-Impresi√≥n Comunicaci√≥n -Acabados GEMSA
-Pa Lante M√©xico ¬°Sigan participando en nuestras campa√±as y promociones, para que tambi√©n puedan ser afortunados ganadores!",0,2,false,1359068757,,"[]","[]"
"376216213058086873","U4lqcKEefZ","GraphImage",false,612,612,"https://instagram.fmex16-1.fna.fbcdn.net/v/t51.2885-15/e15/11235906_850668165012604_831847481_n.jpg?_nc_ht=instagram.fmex16-1.fna.fbcdn.net&_nc_cat=104&_nc_ohc=6Y3UyKU55fYAX8awnny&_nc_tp=18&oh=c61ace426745e30b5655ebb785e36eb8&oe=5FB29494","https://instagram.fmex16-1.fna.fbcdn.net/v/t51.2885-15/e15/11235906_850668165012604_831847481_n.jpg?_nc_ht=instagram.fmex16-1.fna.fbcdn.net&_nc_cat=104&_nc_ohc=6Y3UyKU55fYAX8awnny&_nc_tp=18&oh=c61ace426745e30b5655ebb785e36eb8&oe=5FB29494","14221144","yosoypyme","¬°Hoy en Centro Bancomer, se hizo la √∫ltima entrega a los afortunados ganadores del #SorteoPyME!",0,1,false,1359068489,,"[""#SorteoPyME""]","[]"
"355860783048025481","TwRX8rEeWJ","GraphImage",false,612,612,"https://instagram.fmex16-1.fna.fbcdn.net/v/t51.2885-15/e15/11241370_1441503422832097_1364230907_n.jpg?_nc_ht=instagram.fmex16-1.fna.fbcdn.net&_nc_cat=101&_nc_ohc=PfkBNwJtG6AAX--M9hX&_nc_tp=18&oh=22baef3b819d003453c09d57e84a8e51&oe=5FB60693","https://instagram.fmex16-1.fna.fbcdn.net/v/t51.2885-15/e15/11241370_1441503422832097_1364230907_n.jpg?_nc_ht=instagram.fmex16-1.fna.fbcdn.net&_nc_cat=101&_nc_ohc=PfkBNwJtG6AAX--M9hX&_nc_tp=18&oh=22baef3b819d003453c09d57e84a8e51&oe=5FB60693","14221144","yosoypyme","¬°Por √∫ltimo nuestro 4to ganador recibiendo su premio! ¬°Muchas felicidades!",0,1,false,1356641932,,"[]","[]"
"355859551063500137","TwRGBTEeVp","GraphImage",false,612,612,"https://instagram.fmex16-1.fna.fbcdn.net/v/t51.2885-15/e15/11267823_913030735386896_2124497930_n.jpg?_nc_ht=instagram.fmex16-1.fna.fbcdn.net&_nc_cat=108&_nc_ohc=7b-Z8e0_nhsAX-0nHcZ&_nc_tp=18&oh=ec3f2efda88ed00983edee0a64601150&oe=5FB29496","https://instagram.fmex16-1.fna.fbcdn.net/v/t51.2885-15/e15/11267823_913030735386896_2124497930_n.jpg?_nc_ht=instagram.fmex16-1.fna.fbcdn.net&_nc_cat=108&_nc_ohc=7b-Z8e0_nhsAX-0nHcZ&_nc_tp=18&oh=ec3f2efda88ed00983edee0a64601150&oe=5FB29496","14221144","yosoypyme","¬°Aqu√≠ nuestro 4to ganador de Galletera RICHAUD HERMANOS, otro feliz ganador del #SorteoPyMe!",0,1,false,1356641785,,"[""#SorteoPyMe""]","[]"
"355858686986544473","TwQ5ckEeVZ","GraphImage",false,612,612,"https://instagram.fmex16-1.fna.fbcdn.net/v/t51.2885-15/e15/11244528_999156720134930_2073761133_n.jpg?_nc_ht=instagram.fmex16-1.fna.fbcdn.net&_nc_cat=102&_nc_ohc=Qnio55RDzbYAX-Q4Ov6&_nc_tp=18&oh=8452333d0bb9f9b124820f2ecdb2d16a&oe=5FB57180","https://instagram.fmex16-1.fna.fbcdn.net/v/t51.2885-15/e15/11244528_999156720134930_2073761133_n.jpg?_nc_ht=instagram.fmex16-1.fna.fbcdn.net&_nc_cat=102&_nc_ohc=Qnio55RDzbYAX-Q4Ov6&_nc_tp=18&oh=8452333d0bb9f9b124820f2ecdb2d16a&oe=5FB57180","14221144","yosoypyme","¬°Aqu√≠ nuestra 3era ganadora con su premio!",0,2,false,1356641682,,"[]","[]"
"355857565261882692","TwQpH4EeVE","GraphImage",false,612,612,"https://instagram.fmex16-1.fna.fbcdn.net/v/t51.2885-15/e15/11263501_685541911573068_156667080_n.jpg?_nc_ht=instagram.fmex16-1.fna.fbcdn.net&_nc_cat=100&_nc_ohc=TcglT45_4MYAX_IbKTa&_nc_tp=18&oh=1d2d73a5923c778c7e94929df784e38e&oe=5FB58840","https://instagram.fmex16-1.fna.fbcdn.net/v/t51.2885-15/e15/11263501_685541911573068_156667080_n.jpg?_nc_ht=instagram.fmex16-1.fna.fbcdn.net&_nc_cat=100&_nc_ohc=TcglT45_4MYAX_IbKTa&_nc_tp=18&oh=1d2d73a5923c778c7e94929df784e38e&oe=5FB58840","14221144","yosoypyme","¬°Aqu√≠ tenemos a nuestra 3er ganadora de FERREBA√ëOS! ¬°Muchas felicidades!",0,1,false,1356641549,,"[]","[]"
"355848876845032625","TwOqsKEeSx","GraphImage",false,612,612,"https://instagram.fmex16-1.fna.fbcdn.net/v/t51.2885-15/e15/11256351_1588825188059130_8453608_n.jpg?_nc_ht=instagram.fmex16-1.fna.fbcdn.net&_nc_cat=106&_nc_ohc=vIO6kOp-ypAAX8ygCOA&_nc_tp=18&oh=58f57b4625257d6ba475b431819c0170&oe=5FB27315","https://instagram.fmex16-1.fna.fbcdn.net/v/t51.2885-15/e15/11256351_1588825188059130_8453608_n.jpg?_nc_ht=instagram.fmex16-1.fna.fbcdn.net&_nc_cat=106&_nc_ohc=vIO6kOp-ypAAX8ygCOA&_nc_tp=18&oh=58f57b4625257d6ba475b431819c0170&oe=5FB27315","14221144","yosoypyme","¬°Nuestra 2da ganadora recibiendo su premio!",0,3,false,1356640513,,"[]","[]"
"355848176119440549","TwOgfjkeSl","GraphImage",false,612,612,"https://instagram.fmex16-1.fna.fbcdn.net/v/t51.2885-15/e15/11226592_1583865635217874_316675427_n.jpg?_nc_ht=instagram.fmex16-1.fna.fbcdn.net&_nc_cat=110&_nc_ohc=TgYBUS4YxiQAX_MVBRq&_nc_tp=18&oh=17c6d274554635e869f4013c3646e21b&oe=5FB4A873","https://instagram.fmex16-1.fna.fbcdn.net/v/t51.2885-15/e15/11226592_1583865635217874_316675427_n.jpg?_nc_ht=instagram.fmex16-1.fna.fbcdn.net&_nc_cat=110&_nc_ohc=TgYBUS4YxiQAX_MVBRq&_nc_tp=18&oh=17c6d274554635e869f4013c3646e21b&oe=5FB4A873","14221144","yosoypyme","¬°Aqu√≠ podemos ver a nuestra 2da ganadora de VAPE PUBLICIDAD! ¬°Felicidades!",0,2,false,1356640429,,"[]","[]"
"355847249639629969","TwOTAtEeSR","GraphImage",false,612,612,"https://instagram.fmex16-1.fna.fbcdn.net/v/t51.2885-15/e15/11226815_961907707173777_641846557_n.jpg?_nc_ht=instagram.fmex16-1.fna.fbcdn.net&_nc_cat=109&_nc_ohc=6MSgL6g2gz0AX-FJbFh&_nc_tp=18&oh=2038c9af0efc48f56fa9db2601488e7e&oe=5FB44257","https://instagram.fmex16-1.fna.fbcdn.net/v/t51.2885-15/e15/11226815_961907707173777_641846557_n.jpg?_nc_ht=instagram.fmex16-1.fna.fbcdn.net&_nc_cat=109&_nc_ohc=6MSgL6g2gz0AX-FJbFh&_nc_tp=18&oh=2038c9af0efc48f56fa9db2601488e7e&oe=5FB44257","14221144","yosoypyme","¬°Aqu√≠ podemos ver a nuestro 1er ganador con su premio! ¬°Muchas felicidades!",0,3,false,1356640319,,"[]","[]"
"355839019651818497","TwMbP7keQB","GraphImage",false,612,612,"https://instagram.fmex16-1.fna.fbcdn.net/v/t51.2885-15/e15/11232701_469055583243805_403396955_n.jpg?_nc_ht=instagram.fmex16-1.fna.fbcdn.net&_nc_cat=101&_nc_ohc=KKhPtro9yL8AX81E6f9&_nc_tp=18&oh=e1bc7ba95baf6e6328da1b52b486d634&oe=5FB4F571","https://instagram.fmex16-1.fna.fbcdn.net/v/t51.2885-15/e15/11232701_469055583243805_403396955_n.jpg?_nc_ht=instagram.fmex16-1.fna.fbcdn.net&_nc_cat=101&_nc_ohc=KKhPtro9yL8AX81E6f9&_nc_tp=18&oh=e1bc7ba95baf6e6328da1b52b486d634&oe=5FB4F571","14221144","yosoypyme","¬°Aqu√≠ podemos ver a nuestro 1er feliz ganador: RAM de M√©xico Constructora! ¬°Muchas felicidades!",0,2,false,1356639338,,"[]","[]"
"355838289683539957","TwMQoGEef1","GraphImage",false,612,612,"https://instagram.fmex16-1.fna.fbcdn.net/v/t51.2885-15/e15/11226666_396677940518976_215378516_n.jpg?_nc_ht=instagram.fmex16-1.fna.fbcdn.net&_nc_cat=100&_nc_ohc=2qyHP9yhB_QAX_ktLzo&_nc_tp=18&oh=dd79152fbe8d3af7486408fefff265b8&oe=5FB494C6","https://instagram.fmex16-1.fna.fbcdn.net/v/t51.2885-15/e15/11226666_396677940518976_215378516_n.jpg?_nc_ht=instagram.fmex16-1.fna.fbcdn.net&_nc_cat=100&_nc_ohc=2qyHP9yhB_QAX_ktLzo&_nc_tp=18&oh=dd79152fbe8d3af7486408fefff265b8&oe=5FB494C6","14221144","yosoypyme","¬°Muchas felicidades a los ganadores!",0,2,false,1356639251,,"[]","[]"
"355836778475808727","TwL6orEefX","GraphImage",false,612,612,"https://instagram.fmex16-1.fna.fbcdn.net/v/t51.2885-15/e15/11255640_768322983281784_1515738216_n.jpg?_nc_ht=instagram.fmex16-1.fna.fbcdn.net&_nc_cat=100&_nc_ohc=2mRubYfehXEAX-nJyKA&_nc_tp=18&oh=6da4969aedaa5ae1c25a320d5b8b427f&oe=5FB58F24","https://instagram.fmex16-1.fna.fbcdn.net/v/t51.2885-15/e15/11255640_768322983281784_1515738216_n.jpg?_nc_ht=instagram.fmex16-1.fna.fbcdn.net&_nc_cat=100&_nc_ohc=2mRubYfehXEAX-nJyKA&_nc_tp=18&oh=6da4969aedaa5ae1c25a320d5b8b427f&oe=5FB58F24","14221144","yosoypyme","La entrega de llaves se hizo en presencia del interventor de gobernaci√≥n.",0,1,false,1356639071,,"[]","[]"
"350826840749892737","TeYyckkeSB","GraphImage",false,612,612,"https://instagram.fmex16-1.fna.fbcdn.net/v/t51.2885-15/e15/11240388_937970716224345_1890944289_n.jpg?_nc_ht=instagram.fmex16-1.fna.fbcdn.net&_nc_cat=109&_nc_ohc=PgmJ8ILXrooAX8m8ak6&_nc_tp=18&oh=6eda908b59eeb0fcdbcfe1063e72d3d7&oe=5FB5F8BE","https://instagram.fmex16-1.fna.fbcdn.net/v/t51.2885-15/e15/11240388_937970716224345_1890944289_n.jpg?_nc_ht=instagram.fmex16-1.fna.fbcdn.net&_nc_cat=109&_nc_ohc=PgmJ8ILXrooAX8m8ak6&_nc_tp=18&oh=6eda908b59eeb0fcdbcfe1063e72d3d7&oe=5FB5F8BE","14221144","yosoypyme","¬°Feliz Navidad y pr√≥spero a√±o nuevo a nuestro colaborador @ShakZapataVIII y a @FincaAlta!",0,2,false,1356041840,,"[]","[""@ShakZapataVIII"",""@FincaAlta""]"
"350683104527115389","Td4GzyEeR9","GraphImage",false,612,612,"https://instagram.fmex16-1.fna.fbcdn.net/v/t51.2885-15/e15/11246634_970617669629179_2017016493_n.jpg?_nc_ht=instagram.fmex16-1.fna.fbcdn.net&_nc_cat=107&_nc_ohc=UJssMHFlWi4AX9kzRkB&_nc_tp=18&oh=2f1b6b944e9b1d9af956bf1df5eda190&oe=5FB45358","https://instagram.fmex16-1.fna.fbcdn.net/v/t51.2885-15/e15/11246634_970617669629179_2017016493_n.jpg?_nc_ht=instagram.fmex16-1.fna.fbcdn.net&_nc_cat=107&_nc_ohc=UJssMHFlWi4AX9kzRkB&_nc_tp=18&oh=2f1b6b944e9b1d9af956bf1df5eda190&oe=5FB45358","14221144","yosoypyme","¬°Muchas felicidades al 2do ganador de la din√°mica BB, Javier Padilla! @JavierPadillaS üòä",0,8,false,1356024705,,"[]","[""@JavierPadillaS""]"
"349306980454753403","TY_NkXkeR7","GraphImage",false,612,612,"https://instagram.fmex16-1.fna.fbcdn.net/v/t51.2885-15/e15/11235906_945471682172008_1964037271_n.jpg?_nc_ht=instagram.fmex16-1.fna.fbcdn.net&_nc_cat=104&_nc_ohc=WVqNDaCLIYsAX_5suIO&_nc_tp=18&oh=86c1955eecffb83baa26c1799854bbf0&oe=5FB51E5F","https://instagram.fmex16-1.fna.fbcdn.net/v/t51.2885-15/e15/11235906_945471682172008_1964037271_n.jpg?_nc_ht=instagram.fmex16-1.fna.fbcdn.net&_nc_cat=104&_nc_ohc=WVqNDaCLIYsAX_5suIO&_nc_tp=18&oh=86c1955eecffb83baa26c1799854bbf0&oe=5FB51E5F","14221144","yosoypyme","¬°Aqu√≠ el √∫ltimo ganador del #SorteoPyME octubre, Productos Agropecuarios Tepexpan! ¬°Muchas felicidades!",0,1,false,1355860658,,"[""#SorteoPyME""]","[]"
"349304974805689447","TY-wYdkeRn","GraphImage",false,612,612,"https://instagram.fmex16-1.fna.fbcdn.net/v/t51.2885-15/e15/11230552_347955532067370_495316923_n.jpg?_nc_ht=instagram.fmex16-1.fna.fbcdn.net&_nc_cat=106&_nc_ohc=w1nxjjsaY78AX94RS0D&_nc_tp=18&oh=e4fcb8bdb9d671386bad3cb037c661c7&oe=5FB2C082","https://instagram.fmex16-1.fna.fbcdn.net/v/t51.2885-15/e15/11230552_347955532067370_495316923_n.jpg?_nc_ht=instagram.fmex16-1.fna.fbcdn.net&_nc_cat=106&_nc_ohc=w1nxjjsaY78AX94RS0D&_nc_tp=18&oh=e4fcb8bdb9d671386bad3cb037c661c7&oe=5FB2C082","14221144","yosoypyme","¬°Aqu√≠ tenemos al ganador del #SorteoPyMe, Viendo por su salud, con su premio! ¬°Muchas felicidades!",0,1,false,1355860419,,"[""#SorteoPyMe""]","[]"