"id","username","full_name","profile_pic_url","is_private","is_verified"
"2009092994","sonqorita","(„Å£‚óî‚ó°‚óî)„Å£ ‚ô• ùêíùê®ùêü√≠ùêö ùêåùêöùê´ùê≠√≠ùêßùêûùê≥ ‚ô•","https://instagram.fmex16-1.fna.fbcdn.net/v/t51.2885-19/s150x150/79710999_373381053524930_4550867834112049152_n.jpg?_nc_ht=instagram.fmex16-1.fna.fbcdn.net&_nc_ohc=I3hpc6ahxzMAX_HbGBL&oh=2de6df043d8d81b9cb3eedc3d2c876d2&oe=5FB346BE",false,false
"17341460460","maria.lcastrog","Leticia Castro","https://instagram.fmex16-1.fna.fbcdn.net/v/t51.2885-19/s150x150/66672756_2283339611713468_4660631616056459264_n.jpg?_nc_ht=instagram.fmex16-1.fna.fbcdn.net&_nc_ohc=kSR7XOoD8_MAX-OTv_d&oh=d95b07b3f467016a0158763845484ce6&oe=5FB4A2D4",true,false
"5881158164","hermozacony","Cony Hermoza","https://instagram.fmex16-1.fna.fbcdn.net/v/t51.2885-19/s150x150/20766600_550178002040500_300762699879415808_a.jpg?_nc_ht=instagram.fmex16-1.fna.fbcdn.net&_nc_ohc=8QSgETfW9zgAX-ZPJ4u&oh=7fb03e81e2937e94474bc95dfbc59cd0&oe=5FB486F8",false,false
"1903447324","victoriacalderon_18","victoriacalderon","https://instagram.fmex16-1.fna.fbcdn.net/v/t51.2885-19/s150x150/49789573_790340634653042_5147120951061643264_n.jpg?_nc_ht=instagram.fmex16-1.fna.fbcdn.net&_nc_ohc=5yuftc70oTcAX-yFwlf&oh=ebbf0faa9ddf9b81697809e85dff4ef4&oe=5FB5BBA2",false,false
"972015429","elocmpos","Eliana Campos üëΩ","https://instagram.fmex16-1.fna.fbcdn.net/v/t51.2885-19/s150x150/22710323_297847300712726_2002112014486339584_n.jpg?_nc_ht=instagram.fmex16-1.fna.fbcdn.net&_nc_ohc=OlQJHg8ZvOYAX8Omuop&oh=073fe41af34939be02f82d1070bd3ee3&oe=5FB2BDAE",true,false
"3269896564","luminarioperu","Luminario","https://instagram.fmex16-1.fna.fbcdn.net/v/t51.2885-19/s150x150/18646641_137023183513817_3089269774425784320_a.jpg?_nc_ht=instagram.fmex16-1.fna.fbcdn.net&_nc_ohc=KHMYJeInNeMAX83SUgn&oh=88017ddeb2d80bd18537fcba586dae40&oe=5FB577C1",false,false
"1789306535","dorothy.cruces","Dorothy Cruces","https://instagram.fmex16-1.fna.fbcdn.net/v/t51.2885-19/s150x150/72616446_3063259400354875_8074943046564708352_n.jpg?_nc_ht=instagram.fmex16-1.fna.fbcdn.net&_nc_ohc=yz1nLVkUUXQAX-V-mQ1&oh=426a41f48951ae8532becb0086eef612&oe=5FB48822",false,false
"4120924279","silvanabq16","Silvana Noheli Bruno Quevedo","https://instagram.fmex16-1.fna.fbcdn.net/v/t51.2885-19/s150x150/14478294_1585246731489185_972856400881385472_a.jpg?_nc_ht=instagram.fmex16-1.fna.fbcdn.net&_nc_ohc=LITpbaAqDdoAX9XDidq&oh=8d12f443229f79d51dd55975cfcb0745&oe=5FB4081F",true,false
"6609399125","emelyperalta0206","Emely Peralta","https://instagram.fmex16-1.fna.fbcdn.net/v/t51.2885-19/s150x150/119939452_3637162332981319_4729749273102230509_n.jpg?_nc_ht=instagram.fmex16-1.fna.fbcdn.net&_nc_ohc=VCzEUzWozHcAX9ImDAj&oh=f1abbf4cab3ea25711a8d22ab524e976&oe=5FB35C29",true,false
"26237966863","becarios.peru","Becarios del PeruÃÅ - Pronabec","https://instagram.fmex16-1.fna.fbcdn.net/v/t51.2885-19/s150x150/82843076_573531289894952_5572088470144286720_n.jpg?_nc_ht=instagram.fmex16-1.fna.fbcdn.net&_nc_ohc=9PhUV0k11zEAX_z8VOp&oh=e1868394ced05eefb8f1ae0098186c31&oe=5FB33414",false,false
"4097507658","samadhi_ubillus","Samadhi Ubillus","https://instagram.fmex16-1.fna.fbcdn.net/v/t51.2885-19/s150x150/26154674_450339768697521_20553402786250752_n.jpg?_nc_ht=instagram.fmex16-1.fna.fbcdn.net&_nc_ohc=ui4xZKxId6wAX-wyXnR&oh=476ce9c28c00b6acb69b530b4bda48e1&oe=5FB3A110",true,false
"276363701","eljoulesinlalaush","JulioMart√≠n aka m a t h i a z","https://instagram.fmex16-1.fna.fbcdn.net/v/t51.2885-19/s150x150/15534939_191593594639766_3896054345615015936_a.jpg?_nc_ht=instagram.fmex16-1.fna.fbcdn.net&_nc_ohc=ZuGlUNVFnhYAX_gHd4q&oh=6ceb70de11368a9073ae4e78680049d0&oe=5FB31E88",false,false
"5049333787","patriciaosoriod","Patricia Osorio","https://instagram.fmex16-1.fna.fbcdn.net/v/t51.2885-19/s150x150/119857869_3081284531980650_4318934461034942639_n.jpg?_nc_ht=instagram.fmex16-1.fna.fbcdn.net&_nc_ohc=ha4diuglyt0AX9huqaR&oh=9ca8983e6328af21d02819cb3d4c9ffc&oe=5FB38F95",false,false
"4057636075","itslunaof","Carmen Luna","https://instagram.fmex16-1.fna.fbcdn.net/v/t51.2885-19/s150x150/89119882_964409470622932_2828415863416160256_n.jpg?_nc_ht=instagram.fmex16-1.fna.fbcdn.net&_nc_ohc=KmZE2FHq2rEAX_JJDkY&oh=88c9c92e4e751a6273dc254fb21027a6&oe=5FB3EAD5",false,false
"13980340140","tatjanabulosveli","Tatjana","https://instagram.fbho2-1.fna.fbcdn.net/v/t51.2885-19/44884218_345707102882519_2446069589734326272_n.jpg?_nc_ht=instagram.fbho2-1.fna.fbcdn.net&_nc_ohc=MVEG8QTyVK4AX8Zl_nR&oh=ef27eb90afb792882c23d32c3b8af637&oe=5FB5D50F&ig_cache_key=YW5vbnltb3VzX3Byb2ZpbGVfcGlj.2",false,false
"40452255034","quipufinance","Quipu Finance","https://instagram.fmex16-1.fna.fbcdn.net/v/t51.2885-19/s150x150/119074445_2741514496114871_5273725483503865357_n.jpg?_nc_ht=instagram.fmex16-1.fna.fbcdn.net&_nc_ohc=psb1TLNKgL8AX_gYoj_&oh=55ce92c93d369b323b9d4c242e20025b&oe=5FB45B4F",false,false
"38065561","karinabruce","","https://instagram.fmex16-1.fna.fbcdn.net/v/t51.2885-19/11875568_457582697761499_1010699920_a.jpg?_nc_ht=instagram.fmex16-1.fna.fbcdn.net&_nc_ohc=qg6YauD-R4oAX9iXnNb&oh=c7cfa1391c5daceebc8c5cb32352b6fe&oe=5FB5A927",true,false
"7183319090","maria_arrelucea","maria arrelucea","https://instagram.fmex16-1.fna.fbcdn.net/v/t51.2885-19/s150x150/118780575_607844540095079_3752701074797858535_n.jpg?_nc_ht=instagram.fmex16-1.fna.fbcdn.net&_nc_ohc=5YGwXDxnRCAAX9_Lxo9&oh=06e176f05e5af75d4ca4e5b23b3a598a&oe=5FB2344C",false,false
"417116791","renzorojasm","Renzo Bryan","https://instagram.fmex16-1.fna.fbcdn.net/v/t51.2885-19/s150x150/84094631_230242221300493_5656625787445444608_n.jpg?_nc_ht=instagram.fmex16-1.fna.fbcdn.net&_nc_ohc=0Bl639msU6EAX_9e9Cj&oh=99aaa09be16321d33a94e843dfcb8a13&oe=5FB5DAA3",true,false
"13016386513","cecilia_carrillo_b","Cecy","https://instagram.fmex16-1.fna.fbcdn.net/v/t51.2885-19/s150x150/56653506_403165987170644_4369740013743636480_n.jpg?_nc_ht=instagram.fmex16-1.fna.fbcdn.net&_nc_ohc=X9jQ4_cn-EQAX8JYymK&oh=1a73a1785bc2ee9fd066259b0c7f236a&oe=5FB61CF6",true,false
"3319830598","pedruxeduardo","Pedro","https://instagram.fmex16-1.fna.fbcdn.net/v/t51.2885-19/s150x150/13402245_1251921881486502_1122616994_a.jpg?_nc_ht=instagram.fmex16-1.fna.fbcdn.net&_nc_ohc=8QdPHYbfC-cAX-T8mcy&oh=62ffd7f01d1611cf5070917b78b5e14c&oe=5FB53F81",false,false
"7088390524","rocioguzmansalas","Roc√≠o Guzm√°n","https://instagram.fmex16-1.fna.fbcdn.net/v/t51.2885-19/s150x150/27879260_1769904556649492_5650050875415068672_n.jpg?_nc_ht=instagram.fmex16-1.fna.fbcdn.net&_nc_ohc=pbRk0aotapAAX-H6B8v&oh=86045004213cb254483fbb74f7ddf1f6&oe=5FB43E36",true,false
"214430823","gredp94","Greta DamiaÃÅn","https://instagram.fmex16-1.fna.fbcdn.net/v/t51.2885-19/s150x150/119178062_3553488908002864_7142073977679295256_n.jpg?_nc_ht=instagram.fmex16-1.fna.fbcdn.net&_nc_ohc=1XyPefmg8awAX_Goxsc&oh=983670aee70ab37aa96bd2004dd91cfb&oe=5FB5B63A",true,false
"1641938862","adriaana.gaarcia","Adriana Garc√≠a Verano","https://instagram.fmex16-1.fna.fbcdn.net/v/t51.2885-19/s150x150/54513470_1119528628218651_3380576210449858560_n.jpg?_nc_ht=instagram.fmex16-1.fna.fbcdn.net&_nc_ohc=RGidMV_mhlMAX_sQySQ&oh=f8c1de5b8bb5569eb7ae49d4732c6604&oe=5FB5329F",false,false
"5712070424","luzibas13","LUZ√çA B","https://instagram.fmex16-1.fna.fbcdn.net/v/t51.2885-19/s150x150/81484450_2721457377890947_7960440700217065472_n.jpg?_nc_ht=instagram.fmex16-1.fna.fbcdn.net&_nc_ohc=m3OiGjjXcG0AX_khOK_&oh=0d996ad0bbe9ee90b146c00994d4bdbc&oe=5FB3F443",true,false
"2544775873","renzo.amado","Renzo amado","https://instagram.fmex16-1.fna.fbcdn.net/v/t51.2885-19/s150x150/117721922_600229163973251_4405761438337470099_n.jpg?_nc_ht=instagram.fmex16-1.fna.fbcdn.net&_nc_ohc=Dw_iDk1i5WIAX9PWtVm&oh=4313ad90c7c186a6f6c553cbcbcc7c5a&oe=5FB3454E",false,false
"1728942720","_bookath","Katherine","https://instagram.fmex16-1.fna.fbcdn.net/v/t51.2885-19/s150x150/79319121_1176600299397366_2826981799605829632_n.jpg?_nc_ht=instagram.fmex16-1.fna.fbcdn.net&_nc_ohc=B3K8dPsnuJUAX-LXlC9&oh=2c5de24ea1c0ad1f240a1b9934afbed1&oe=5FB51860",false,false
"5598265907","matilirasumaria","Mati Lira Sumaria","https://instagram.fmex16-1.fna.fbcdn.net/v/t51.2885-19/s150x150/90182950_507136113292083_6786553926935117824_n.jpg?_nc_ht=instagram.fmex16-1.fna.fbcdn.net&_nc_ohc=D8Qurjbi05AAX8KfcH_&oh=10ef6fb3e03576c5bc0ed17d4918fb75&oe=5FB4CF1F",true,false
"856261362","moni.obando.salcedo","Monica","https://instagram.fmex16-1.fna.fbcdn.net/v/t51.2885-19/s150x150/88122888_202650084130420_5457399112330641408_n.jpg?_nc_ht=instagram.fmex16-1.fna.fbcdn.net&_nc_ohc=0Zf7ssHFHmMAX9lFz5b&oh=7e2a8127f034a74c792c9350e9d9c73d&oe=5FB41989",true,false
"18275774362","editorialbaluarte","Editorial Baluarte","https://instagram.fmex16-1.fna.fbcdn.net/v/t51.2885-19/s150x150/118580537_964317390720104_7409693092304691877_n.jpg?_nc_ht=instagram.fmex16-1.fna.fbcdn.net&_nc_ohc=MZ9aebHwxbsAX-I4EsI&oh=2803a2ebf3d280f6c370d38635d4e973&oe=5FB498F6",false,false
"882569604","mirfinoceda","Mirfi Noceda","https://instagram.fmex16-1.fna.fbcdn.net/v/t51.2885-19/s150x150/109356779_290121865403416_828687477297759591_n.jpg?_nc_ht=instagram.fmex16-1.fna.fbcdn.net&_nc_ohc=_7JP-TAXUTcAX_KkqwK&oh=fbe0a0dbd88e4f6a560952f3761fea23&oe=5FB2C37F",false,false
"7734390789","fiorellasj","Fiorella Susanibar","https://instagram.fmex16-1.fna.fbcdn.net/v/t51.2885-19/s150x150/105973372_548925775788529_5331299409977365707_n.jpg?_nc_ht=instagram.fmex16-1.fna.fbcdn.net&_nc_ohc=gfqf_oLJq0UAX9qttqO&oh=480931a070d4042469c4da303bfc31a5&oe=5FB25022",true,false
"2221981786","socratestorrejon","Socrates Torrejon Arimuya","https://instagram.fmex16-1.fna.fbcdn.net/v/t51.2885-19/s150x150/121491202_857294551706747_3371005339626474406_n.jpg?_nc_ht=instagram.fmex16-1.fna.fbcdn.net&_nc_ohc=hOtj0e2bAcoAX9g38hC&oh=5f0d356dd62eb6eb093f3080f7a5fe8c&oe=5FB4DEC0",false,false
"203081191","laukmachom","Lau","https://instagram.fmex16-1.fna.fbcdn.net/v/t51.2885-19/s150x150/55890586_2335145203183225_3791477630033723392_n.jpg?_nc_ht=instagram.fmex16-1.fna.fbcdn.net&_nc_ohc=oxG6B7j_JMcAX9oo9mA&oh=ae6e7f12d93d27abf7295c69b9b2f210&oe=5FB262F3",false,false
"4271921374","marlonbroncano1","Marlon Broncano","https://instagram.fmex16-1.fna.fbcdn.net/v/t51.2885-19/s150x150/47107216_2097327080353496_4498910794393583616_n.jpg?_nc_ht=instagram.fmex16-1.fna.fbcdn.net&_nc_ohc=KTpucPoQmf8AX8Cdpt9&oh=7a298197111cbd1f9450587066785b31&oe=5FB61D80",false,false
"1179471223","gimacedochang","gisella macedo chang","https://instagram.fmex16-1.fna.fbcdn.net/v/t51.2885-19/s150x150/34875011_142427463298695_5104298194385240064_n.jpg?_nc_ht=instagram.fmex16-1.fna.fbcdn.net&_nc_ohc=1LKBdflJOxAAX9-0kJF&oh=d828ac3ad8d083212b23bd01efb794e7&oe=5FB2D521",false,false
"2251466012","franco.slc","Franco Salcedo","https://instagram.fmex16-1.fna.fbcdn.net/v/t51.2885-19/s150x150/116901833_585013265519633_2208740792280141103_n.jpg?_nc_ht=instagram.fmex16-1.fna.fbcdn.net&_nc_ohc=6UFP5j1dmwIAX97b1p9&oh=0e0dffab21e5c6d5ee25c577c55f71ed&oe=5FB2BEA0",false,false
"1787719789","jean_rosillo","J E A N    R O S I L L O :: üê∫","https://instagram.fmex16-1.fna.fbcdn.net/v/t51.2885-19/s150x150/115805721_591513024841006_8603242379648515994_n.jpg?_nc_ht=instagram.fmex16-1.fna.fbcdn.net&_nc_ohc=oq9bAXMJMVgAX_cllsS&oh=2be5e401b2c72263f8fb23ee0228e73a&oe=5FB38132",true,false
"4553018336","daniel_lauro_r","Daniel Lauro","https://instagram.fmex16-1.fna.fbcdn.net/v/t51.2885-19/s150x150/80736118_2527333290883679_4399363829113290752_n.jpg?_nc_ht=instagram.fmex16-1.fna.fbcdn.net&_nc_ohc=SUnbOWC1E8cAX9FByK4&oh=c16cc14326d03ff98e799c878188f2ed&oe=5FB44740",true,false
"1988741275","elisagloriarodriguez","Eli","https://instagram.fmex16-1.fna.fbcdn.net/v/t51.2885-19/s150x150/69839752_767707517019815_5257119796566163456_n.jpg?_nc_ht=instagram.fmex16-1.fna.fbcdn.net&_nc_ohc=B8IW2NMNqIwAX-DXDRW&oh=40fdeb1e7b73e0876752f0a9c234f96c&oe=5FB28B24",false,false