"id","text","created_at","did_report_as_spam","owner.id","owner.is_verified","owner.profile_pic_url","owner.username","likes","comments"
"17890343674538122","@raymondviviana",1592136197,false,"641784859",false,"https://instagram.fmex16-1.fna.fbcdn.net/v/t51.2885-19/s150x150/120131146_1165520293841305_6704193319086956728_n.jpg?_nc_ht=instagram.fmex16-1.fna.fbcdn.net&_nc_ohc=ExnzjunH3eYAX8GKDxa&oh=ab9f10a6d1884fe6455b1211eadceb83&oe=5FB46911","animor",1,0
"17952454090340388","@solfonsecaconti",1592136199,false,"641784859",false,"https://instagram.fmex16-1.fna.fbcdn.net/v/t51.2885-19/s150x150/120131146_1165520293841305_6704193319086956728_n.jpg?_nc_ht=instagram.fmex16-1.fna.fbcdn.net&_nc_ohc=ExnzjunH3eYAX8GKDxa&oh=ab9f10a6d1884fe6455b1211eadceb83&oe=5FB46911","animor",1,0
"18119871757118971","@ma_iisaa",1592136202,false,"641784859",false,"https://instagram.fmex16-1.fna.fbcdn.net/v/t51.2885-19/s150x150/120131146_1165520293841305_6704193319086956728_n.jpg?_nc_ht=instagram.fmex16-1.fna.fbcdn.net&_nc_ohc=ExnzjunH3eYAX8GKDxa&oh=ab9f10a6d1884fe6455b1211eadceb83&oe=5FB46911","animor",1,0
"17864794975895452","@siilviid",1592136205,false,"641784859",false,"https://instagram.fmex16-1.fna.fbcdn.net/v/t51.2885-19/s150x150/120131146_1165520293841305_6704193319086956728_n.jpg?_nc_ht=instagram.fmex16-1.fna.fbcdn.net&_nc_ohc=ExnzjunH3eYAX8GKDxa&oh=ab9f10a6d1884fe6455b1211eadceb83&oe=5FB46911","animor",1,0
"17866938169842425","@animor",1592143157,false,"463926135",false,"https://instagram.fmex16-1.fna.fbcdn.net/v/t51.2885-19/s150x150/62592680_346578129301130_1340590693311053824_n.jpg?_nc_ht=instagram.fmex16-1.fna.fbcdn.net&_nc_ohc=sCa1ALNlD1gAX9ACHlN&oh=3cc9f74fba3fae84db1266c7c37046d6&oe=5FB3B761","iriraymond",1,0
"17856204581029513","@camila_iza_music",1592143158,false,"463926135",false,"https://instagram.fmex16-1.fna.fbcdn.net/v/t51.2885-19/s150x150/62592680_346578129301130_1340590693311053824_n.jpg?_nc_ht=instagram.fmex16-1.fna.fbcdn.net&_nc_ohc=sCa1ALNlD1gAX9ACHlN&oh=3cc9f74fba3fae84db1266c7c37046d6&oe=5FB3B761","iriraymond",1,0
"18103680991177102","@raymondviviana",1592143164,false,"463926135",false,"https://instagram.fmex16-1.fna.fbcdn.net/v/t51.2885-19/s150x150/62592680_346578129301130_1340590693311053824_n.jpg?_nc_ht=instagram.fmex16-1.fna.fbcdn.net&_nc_ohc=sCa1ALNlD1gAX9ACHlN&oh=3cc9f74fba3fae84db1266c7c37046d6&oe=5FB3B761","iriraymond",1,0
"17878605148666632","@fertrans",1592143169,false,"463926135",false,"https://instagram.fmex16-1.fna.fbcdn.net/v/t51.2885-19/s150x150/62592680_346578129301130_1340590693311053824_n.jpg?_nc_ht=instagram.fmex16-1.fna.fbcdn.net&_nc_ohc=sCa1ALNlD1gAX9ACHlN&oh=3cc9f74fba3fae84db1266c7c37046d6&oe=5FB3B761","iriraymond",1,0
"18137988262069633","@iza_lucro",1592143176,false,"463926135",false,"https://instagram.fmex16-1.fna.fbcdn.net/v/t51.2885-19/s150x150/62592680_346578129301130_1340590693311053824_n.jpg?_nc_ht=instagram.fmex16-1.fna.fbcdn.net&_nc_ohc=sCa1ALNlD1gAX9ACHlN&oh=3cc9f74fba3fae84db1266c7c37046d6&oe=5FB3B761","iriraymond",1,0
"18013686259286870","@charensebi",1592143184,false,"463926135",false,"https://instagram.fmex16-1.fna.fbcdn.net/v/t51.2885-19/s150x150/62592680_346578129301130_1340590693311053824_n.jpg?_nc_ht=instagram.fmex16-1.fna.fbcdn.net&_nc_ohc=sCa1ALNlD1gAX9ACHlN&oh=3cc9f74fba3fae84db1266c7c37046d6&oe=5FB3B761","iriraymond",1,0
"17857969526001001","@mariajosealzugaray",1592143188,false,"463926135",false,"https://instagram.fmex16-1.fna.fbcdn.net/v/t51.2885-19/s150x150/62592680_346578129301130_1340590693311053824_n.jpg?_nc_ht=instagram.fmex16-1.fna.fbcdn.net&_nc_ohc=sCa1ALNlD1gAX9ACHlN&oh=3cc9f74fba3fae84db1266c7c37046d6&oe=5FB3B761","iriraymond",1,0
"17872247110753417","@mariliacaraballo",1592145138,false,"4368961728",false,"https://instagram.fmex16-1.fna.fbcdn.net/v/t51.2885-19/s150x150/15802950_1863596260518438_2450193295209398272_a.jpg?_nc_ht=instagram.fmex16-1.fna.fbcdn.net&_nc_ohc=lmCgG_kIuRYAX98Uaed&oh=d02eb9fab1cdc16fc88e44eb7561709b&oe=5FB5A42B","rmarper",1,0
"17843624318238520","@pablo.noble.31",1592148868,false,"21525597134",false,"https://instagram.fmex16-1.fna.fbcdn.net/v/t51.2885-19/s150x150/106575220_273728580362338_5551559988155948536_n.jpg?_nc_ht=instagram.fmex16-1.fna.fbcdn.net&_nc_ohc=3C37do6ODlgAX8q25ZE&oh=522778f96a5ad41291557514545135b4&oe=5FB32608","letiviera2001",1,1
"17892334765527672","@ximefacu09",1592159030,false,"463203321",false,"https://instagram.fmex16-1.fna.fbcdn.net/v/t51.2885-19/11378717_1640464119556184_105669355_a.jpg?_nc_ht=instagram.fmex16-1.fna.fbcdn.net&_nc_ohc=-NiOys7qjygAX-e-D1q&oh=fdc9f44e271f83a826432fed73c5d73c&oe=5FB4EFF9","fertrans",1,0
"17959906636324526","@andres_mateos",1592173790,false,"1420350040",false,"https://instagram.fmex16-1.fna.fbcdn.net/v/t51.2885-19/s150x150/117325084_299478381126049_1603606849869115456_n.jpg?_nc_ht=instagram.fmex16-1.fna.fbcdn.net&_nc_ohc=QgcHkBIsnigAX_zIjQY&oh=cc79f89875ef5f5b73fd4309f3c60e2d&oe=5FB45703","vaal08",1,0
"18106101568192711","@angelajarauy",1592174615,false,"24500408473",false,"https://instagram.fmex16-1.fna.fbcdn.net/v/t51.2885-19/s150x150/119435826_644672846435135_4609939322030667452_n.jpg?_nc_ht=instagram.fmex16-1.fna.fbcdn.net&_nc_ohc=ApbF54XsbO4AX_0nvjf&oh=7d946839f9795e8cbd91b83769103a28&oe=5FB2B71F","verofaben23",1,0
"17844944120199256","@lupacchinoangela",1592174621,false,"24500408473",false,"https://instagram.fmex16-1.fna.fbcdn.net/v/t51.2885-19/s150x150/119435826_644672846435135_4609939322030667452_n.jpg?_nc_ht=instagram.fmex16-1.fna.fbcdn.net&_nc_ohc=ApbF54XsbO4AX_0nvjf&oh=7d946839f9795e8cbd91b83769103a28&oe=5FB2B71F","verofaben23",2,0
"18146215048043353","@joha_souto",1592174628,false,"24500408473",false,"https://instagram.fmex16-1.fna.fbcdn.net/v/t51.2885-19/s150x150/119435826_644672846435135_4609939322030667452_n.jpg?_nc_ht=instagram.fmex16-1.fna.fbcdn.net&_nc_ohc=ApbF54XsbO4AX_0nvjf&oh=7d946839f9795e8cbd91b83769103a28&oe=5FB2B71F","verofaben23",1,0
"17874618901732528","@patricia.bookish",1592174636,false,"24500408473",false,"https://instagram.fmex16-1.fna.fbcdn.net/v/t51.2885-19/s150x150/119435826_644672846435135_4609939322030667452_n.jpg?_nc_ht=instagram.fmex16-1.fna.fbcdn.net&_nc_ohc=ApbF54XsbO4AX_0nvjf&oh=7d946839f9795e8cbd91b83769103a28&oe=5FB2B71F","verofaben23",1,0
"17883772930614602","@latorre113",1592174641,false,"24500408473",false,"https://instagram.fmex16-1.fna.fbcdn.net/v/t51.2885-19/s150x150/119435826_644672846435135_4609939322030667452_n.jpg?_nc_ht=instagram.fmex16-1.fna.fbcdn.net&_nc_ohc=ApbF54XsbO4AX_0nvjf&oh=7d946839f9795e8cbd91b83769103a28&oe=5FB2B71F","verofaben23",1,0
"18148013149048849","@fefaapesci",1592174672,false,"24500408473",false,"https://instagram.fmex16-1.fna.fbcdn.net/v/t51.2885-19/s150x150/119435826_644672846435135_4609939322030667452_n.jpg?_nc_ht=instagram.fmex16-1.fna.fbcdn.net&_nc_ohc=ApbF54XsbO4AX_0nvjf&oh=7d946839f9795e8cbd91b83769103a28&oe=5FB2B71F","verofaben23",1,0
"18149397112038567","@blancacamelo6048",1592174681,false,"24500408473",false,"https://instagram.fmex16-1.fna.fbcdn.net/v/t51.2885-19/s150x150/119435826_644672846435135_4609939322030667452_n.jpg?_nc_ht=instagram.fmex16-1.fna.fbcdn.net&_nc_ohc=ApbF54XsbO4AX_0nvjf&oh=7d946839f9795e8cbd91b83769103a28&oe=5FB2B71F","verofaben23",1,0
"17854103702075466","@elizacabrera2016",1592174688,false,"24500408473",false,"https://instagram.fmex16-1.fna.fbcdn.net/v/t51.2885-19/s150x150/119435826_644672846435135_4609939322030667452_n.jpg?_nc_ht=instagram.fmex16-1.fna.fbcdn.net&_nc_ohc=ApbF54XsbO4AX_0nvjf&oh=7d946839f9795e8cbd91b83769103a28&oe=5FB2B71F","verofaben23",1,0
"17858641582969556","@angelaborrone",1592182506,false,"12266478026",false,"https://instagram.fmex16-1.fna.fbcdn.net/v/t51.2885-19/s150x150/55864988_642174186239728_5272722738442665984_n.jpg?_nc_ht=instagram.fmex16-1.fna.fbcdn.net&_nc_ohc=Jw8JPqAIPKQAX_g85kO&oh=37f432b12fa488af88b244abf2a11f21&oe=5FB40B9B","tabareespindolarodriguez",1,0
"17865979051873413","@joseeespindola",1592182514,false,"12266478026",false,"https://instagram.fmex16-1.fna.fbcdn.net/v/t51.2885-19/s150x150/55864988_642174186239728_5272722738442665984_n.jpg?_nc_ht=instagram.fmex16-1.fna.fbcdn.net&_nc_ohc=Jw8JPqAIPKQAX_g85kO&oh=37f432b12fa488af88b244abf2a11f21&oe=5FB40B9B","tabareespindolarodriguez",1,0
"17844147584206682","@andressiriani",1592187901,false,"1320882890",false,"https://instagram.fmex16-1.fna.fbcdn.net/v/t51.2885-19/s150x150/75324998_607416730083166_754722343426719744_n.jpg?_nc_ht=instagram.fmex16-1.fna.fbcdn.net&_nc_ohc=Vs9ezYzliuQAX_Gkb_p&oh=d2909eec14f34e58fb54191bf38dcbc1&oe=5FB484B6","camila.villalba24",1,0
"17862355114916737","@inecortacans1706 ðŸ˜†",1592229178,false,"856156834",false,"https://instagram.fmex16-1.fna.fbcdn.net/v/t51.2885-19/11008237_1551936855060711_177897266_a.jpg?_nc_ht=instagram.fmex16-1.fna.fbcdn.net&_nc_ohc=N7W31gefy9wAX_3HFNS&oh=49652c1d02b37f4f4a86a3d3c04bc18f&oe=5FB3A4C4","naticortacans",2,1
"18097812796162632","@gerardotoledo0001",1592244027,false,"1224279040",false,"https://instagram.fmex16-1.fna.fbcdn.net/v/t51.2885-19/11248119_923906121013767_819132904_a.jpg?_nc_ht=instagram.fmex16-1.fna.fbcdn.net&_nc_ohc=9TPP0Ua6aaEAX8-9XYA&oh=58b5d239ec02aaa708dbddf6617dcd28&oe=5FB4C140","andreaalcarraz",1,0
"17856356900030018","@martitafinsta",1592244042,false,"1224279040",false,"https://instagram.fmex16-1.fna.fbcdn.net/v/t51.2885-19/11248119_923906121013767_819132904_a.jpg?_nc_ht=instagram.fmex16-1.fna.fbcdn.net&_nc_ohc=9TPP0Ua6aaEAX8-9XYA&oh=58b5d239ec02aaa708dbddf6617dcd28&oe=5FB4C140","andreaalcarraz",1,0
"17876449579696119","@martha.cotelo",1592244048,false,"1224279040",false,"https://instagram.fmex16-1.fna.fbcdn.net/v/t51.2885-19/11248119_923906121013767_819132904_a.jpg?_nc_ht=instagram.fmex16-1.fna.fbcdn.net&_nc_ohc=9TPP0Ua6aaEAX8-9XYA&oh=58b5d239ec02aaa708dbddf6617dcd28&oe=5FB4C140","andreaalcarraz",1,0
"17871488806780126","@andreaalcarraz",1592247481,false,"6706525020",false,"https://instagram.fmex16-1.fna.fbcdn.net/v/t51.2885-19/s150x150/25008745_221988348342334_7150683315874299904_n.jpg?_nc_ht=instagram.fmex16-1.fna.fbcdn.net&_nc_ohc=hlga4CdpvF0AX-Fa8-u&oh=3ba609c83137cabc707b8f7cb40831bf&oe=5FB4138D","martitafinsta",1,0
"18103357276149898","@gerardotoledo0001",1592247485,false,"6706525020",false,"https://instagram.fmex16-1.fna.fbcdn.net/v/t51.2885-19/s150x150/25008745_221988348342334_7150683315874299904_n.jpg?_nc_ht=instagram.fmex16-1.fna.fbcdn.net&_nc_ohc=hlga4CdpvF0AX-Fa8-u&oh=3ba609c83137cabc707b8f7cb40831bf&oe=5FB4138D","martitafinsta",1,0
"17854603712041451","@martha.cotelo",1592247488,false,"6706525020",false,"https://instagram.fmex16-1.fna.fbcdn.net/v/t51.2885-19/s150x150/25008745_221988348342334_7150683315874299904_n.jpg?_nc_ht=instagram.fmex16-1.fna.fbcdn.net&_nc_ohc=hlga4CdpvF0AX-Fa8-u&oh=3ba609c83137cabc707b8f7cb40831bf&oe=5FB4138D","martitafinsta",1,0
"17861104906907924","@eliburguez",1592259500,false,"7947617755",false,"https://instagram.fmex16-1.fna.fbcdn.net/v/t51.2885-19/s150x150/33817725_630436187311107_3157387088156950528_n.jpg?_nc_ht=instagram.fmex16-1.fna.fbcdn.net&_nc_ohc=5eewb18M6dAAX-gQWMg&oh=888ed10c4d7698196e558e17f30970aa&oe=5FB59671","lucia_aguirret",1,0
"18151186882014253","@victorialoc",1592259512,false,"7947617755",false,"https://instagram.fmex16-1.fna.fbcdn.net/v/t51.2885-19/s150x150/33817725_630436187311107_3157387088156950528_n.jpg?_nc_ht=instagram.fmex16-1.fna.fbcdn.net&_nc_ohc=5eewb18M6dAAX-gQWMg&oh=888ed10c4d7698196e558e17f30970aa&oe=5FB59671","lucia_aguirret",2,0
"17876640361698173","@renzora",1592278337,false,"2315833513",false,"https://instagram.fmex16-1.fna.fbcdn.net/v/t51.2885-19/s150x150/30591168_581534872214722_3139629060540334080_n.jpg?_nc_ht=instagram.fmex16-1.fna.fbcdn.net&_nc_ohc=lFXXLGREjiAAX-xct6e&oh=a5ae25e2a4ac41deea6dbed82c14a86a&oe=5FB470E9","m.brreyes",1,0
"17852804312092926","@andreareyessok",1592278339,false,"2315833513",false,"https://instagram.fmex16-1.fna.fbcdn.net/v/t51.2885-19/s150x150/30591168_581534872214722_3139629060540334080_n.jpg?_nc_ht=instagram.fmex16-1.fna.fbcdn.net&_nc_ohc=lFXXLGREjiAAX-xct6e&oh=a5ae25e2a4ac41deea6dbed82c14a86a&oe=5FB470E9","m.brreyes",1,0
"17852816795082722","@nachhobravo",1592278349,false,"2315833513",false,"https://instagram.fmex16-1.fna.fbcdn.net/v/t51.2885-19/s150x150/30591168_581534872214722_3139629060540334080_n.jpg?_nc_ht=instagram.fmex16-1.fna.fbcdn.net&_nc_ohc=lFXXLGREjiAAX-xct6e&oh=a5ae25e2a4ac41deea6dbed82c14a86a&oe=5FB470E9","m.brreyes",1,0
"18103470670147611","Ya anunciamos a los ganadores del sorteo ðŸ˜Š",1592319243,false,"2305996272",true,"https://instagram.fmex16-1.fna.fbcdn.net/v/t51.2885-19/s150x150/110570195_2845009659066786_1469823093054419251_n.jpg?_nc_ht=instagram.fmex16-1.fna.fbcdn.net&_nc_ohc=mypXng2V21QAX8TzNYC&oh=019d1c3a513f1a1c1a479c043ec825f7&oe=5FB4FFB3","bbvauy",0,0
"17912911681438358","@santi_arbiza",1592489312,false,"3308818568",false,"https://instagram.fmex16-1.fna.fbcdn.net/v/t51.2885-19/s150x150/90701283_254790188865322_1172641065262383104_n.jpg?_nc_ht=instagram.fmex16-1.fna.fbcdn.net&_nc_ohc=bmFQdZew9mQAX9Ls1wL&oh=9d0d2ef030dfbe66a67872fc813f4e5e&oe=5FB2C7F3","solfonsecaconti",0,0